index,label,prediction,confidence
1682,7,7,0.9988221526145935
9430,6,6,0.997718334197998
9589,5,5,0.998857855796814
3601,0,0,0.9970851540565491
8760,8,8,0.9958898425102234
2815,3,3,0.9979738593101501
472,8,8,0.9987137317657471
4640,2,2,0.9989138841629028
2107,3,3,0.9988715052604675
6586,6,6,0.9989451766014099
9370,8,1,0.7331488132476807
9866,1,1,0.9978596568107605
9191,3,3,0.9947199821472168
3665,7,7,0.9975869655609131
2413,4,4,0.788324236869812
6959,5,5,0.9840493202209473
7888,7,7,0.9990420937538147
6365,7,7,0.9987209439277649
4205,4,4,0.9991843104362488
1621,1,1,0.9989583492279053
1039,2,2,0.9992669224739075
3375,4,4,0.8982530236244202
2693,9,9,0.9987382292747498
5006,7,7,0.6409918069839478
3769,9,9,0.9977449178695679
7917,6,6,0.9990936517715454
1005,1,1,0.9947450160980225
6207,9,9,0.9991410970687866
3955,0,0,0.9989773035049438
195,2,2,0.9988821148872375
1890,6,6,0.9991602897644043
2660,3,3,0.9930457472801208
2225,7,7,0.9979982972145081
23,9,9,0.9988208413124084
5378,1,1,0.9988641738891602
5182,1,1,0.9989664554595947
1014,3,3,0.9981777667999268
6205,1,1,0.9991382360458374
5749,5,5,0.9868395924568176
8603,1,1,0.9813781976699829
6623,0,0,0.9986287355422974
787,9,9,0.961486279964447
9277,3,3,0.9988085031509399
6708,2,2,0.9987527132034302
8272,9,1,0.9838055372238159
5086,3,3,0.9982430934906006
8442,6,6,0.9991162419319153
8881,6,6,0.9992414712905884
5520,4,4,0.6686657071113586
4231,2,2,0.9985792636871338
4445,9,9,0.9962841868400574
5673,5,5,0.9747524857521057
1318,5,5,0.9972596168518066
6191,0,0,0.9987357258796692
4935,5,5,0.9724597334861755
505,4,4,0.9950201511383057
3331,8,8,0.9990161657333374
7253,4,4,0.997766375541687
1882,1,1,0.9991532564163208
4992,1,1,0.9988476037979126
6333,3,3,0.9989719390869141
3607,3,3,0.9312084913253784
3793,6,6,0.9929302334785461
3796,5,5,0.9953017234802246
5106,6,6,0.9745398163795471
7440,3,3,0.9841834306716919
4183,7,7,0.9980502128601074
4550,9,9,0.995101809501648
5162,7,0,0.9911305904388428
6268,5,5,0.9990800619125366
7494,2,2,0.9989976286888123
5990,8,8,0.9978017210960388
6934,6,6,0.9986745119094849
5685,1,1,0.9991687536239624
450,2,2,0.9985608458518982
3553,1,1,0.9983662962913513
3305,9,9,0.9985188841819763
3063,0,0,0.9984874725341797
247,9,9,0.9947171807289124
8829,0,0,0.9982134103775024
5494,9,9,0.9981854557991028
6872,0,0,0.9260178804397583
2024,6,6,0.997262716293335
3841,9,9,0.9991175532341003
2689,5,5,0.9992192983627319
2786,4,4,0.9946885108947754
6310,5,5,0.9980508089065552
3155,8,8,0.9992392063140869
1705,0,0,0.9990608096122742
3964,9,9,0.9978596568107605
3650,0,0,0.9992678761482239
3210,9,9,0.9980352520942688
4863,1,1,0.9993202686309814
9931,0,0,0.9982183575630188
2688,5,5,0.982860803604126
7518,3,3,0.9989099502563477
1127,8,8,0.9995243549346924
4593,5,5,0.9307090044021606
9237,7,7,0.995983362197876
6712,0,0,0.9985159039497375
8063,0,0,0.9935764670372009
7935,7,7,0.8640092611312866
7268,3,3,0.9986886382102966
4010,7,7,0.9989223480224609
2944,9,9,0.997247040271759
7362,9,9,0.9985451698303223
7614,4,4,0.9991884827613831
3820,0,0,0.9991051554679871
6703,2,2,0.9983240962028503
1870,2,2,0.991098940372467
1468,3,3,0.9824199676513672
356,3,3,0.8592351675033569
514,5,5,0.9983828067779541
4293,9,9,0.9930779337882996
2411,0,0,0.99901282787323
8788,5,5,0.9978170394897461
5281,3,3,0.998835027217865
1048,1,1,0.9990732669830322
4781,7,7,0.9971441626548767
4239,4,4,0.996742308139801
4503,7,7,0.9972075819969177
8002,6,6,0.9984809756278992
5762,0,0,0.9985886216163635
8357,0,0,0.995536208152771
7603,9,9,0.9981073141098022
9600,8,8,0.9989418387413025
6913,3,3,0.9979544878005981
4783,4,4,0.9981691837310791
6045,8,8,0.998747706413269
9896,4,4,0.9988190531730652
8282,1,1,0.9991735816001892
342,2,0,0.9835208654403687
4916,6,6,0.9984952211380005
8426,9,9,0.9986944794654846
8751,1,1,0.995236337184906
4238,5,5,0.9916525483131409
2629,2,2,0.30668210983276367
1343,0,0,0.9984232187271118
6561,9,9,0.9887310862541199
9001,1,1,0.9990634322166443
1949,0,0,0.9991371035575867
1668,9,9,0.9878848195075989
4489,7,7,0.9976906776428223
5740,6,6,0.9991208910942078
3509,3,3,0.9923369288444519
5998,7,7,0.9987857937812805
4736,1,1,0.9984410405158997
983,4,4,0.998710036277771
3640,6,6,0.9920153617858887
7523,0,0,0.9992152452468872
3334,5,5,0.9967412352561951
1205,8,8,0.9984344840049744
2195,4,4,0.9832518100738525
3976,1,1,0.9986135959625244
2408,2,6,0.8898260593414307
1746,2,2,0.9361042380332947
5306,3,3,0.9988831877708435
3690,9,9,0.9972279667854309
47,9,9,0.9105739593505859
1278,2,2,0.9991497993469238
8210,0,0,0.9990586638450623
9132,2,6,0.8687174916267395
2362,3,5,0.7255551815032959
3338,0,0,0.9988125562667847
8317,5,5,0.9883550405502319
5705,2,2,0.9982749223709106
3811,7,7,0.9989147186279297
3838,1,1,0.9988333582878113
3455,6,6,0.9964634776115417
1604,1,1,0.9984878301620483
8534,6,6,0.9985805749893188
4994,7,7,0.9968119263648987
6237,3,3,0.9931339025497437
4374,0,0,0.998670220375061
9392,0,0,0.9989892840385437
253,9,9,0.9981354475021362
8754,3,3,0.9981807470321655
9756,5,5,0.9983007311820984
3416,7,7,0.9570246338844299
9412,8,8,0.9986767172813416
9310,3,3,0.9979325532913208
4853,7,7,0.9959133267402649
1833,8,8,0.9992075562477112
6680,3,3,0.9853923916816711
8102,3,3,0.9989150762557983
1596,0,0,0.9986931681632996
8583,8,8,0.9973694086074829
2807,9,9,0.9913297891616821
5715,6,6,0.9979666471481323
324,4,4,0.8819323182106018
6470,1,1,0.9988864064216614
1657,5,5,0.9976943135261536
6332,5,5,0.9980441331863403
598,5,3,0.7757909297943115
2987,1,1,0.9540001153945923
3324,3,6,0.5624339580535889
6318,7,7,0.9988296627998352
8231,3,3,0.9980427026748657
9667,9,9,0.9973927736282349
4486,8,8,0.9803388714790344
6719,2,2,0.9971578121185303
6009,3,3,0.9992427825927734
4830,3,3,0.7654770612716675
5419,2,2,0.998737633228302
6727,6,6,0.9860386848449707
765,2,2,0.9992830157279968
591,9,9,0.9985575079917908
769,4,4,0.9989804625511169
8027,4,4,0.9840220808982849
354,2,2,0.984214186668396
4887,5,5,0.9802458882331848
6530,3,3,0.9984562397003174
3620,0,0,0.9982964396476746
9708,9,9,0.9897632598876953
9737,5,5,0.996390163898468
6933,0,0,0.9961203932762146
1606,3,3,0.998668909072876
6657,7,7,0.9959606528282166
1956,7,7,0.9980971217155457
2933,4,4,0.9988657236099243
9902,6,6,0.9980317950248718
9272,0,0,0.9993011951446533
3654,3,5,0.9529854655265808
2523,4,4,0.9908451437950134
5617,5,5,0.9958155751228333
1694,0,0,0.9993118047714233
1535,4,4,0.9987590312957764
2098,0,0,0.9982712268829346
3232,7,7,0.99774169921875
8804,6,0,0.9792410731315613
7638,1,1,0.9960545301437378
2255,1,1,0.9978589415550232
3453,2,2,0.9990776777267456
8218,9,9,0.9860891103744507
7225,1,1,0.9989675283432007
4229,8,8,0.9994491934776306
6142,5,5,0.9928596019744873
9486,4,4,0.9990752935409546
2152,7,7,0.9990625977516174
7119,5,5,0.9963535070419312
2503,8,8,0.998579740524292
1691,8,8,0.9992817044258118
1212,1,1,0.9985994696617126
1927,9,9,0.9967203736305237
3828,1,1,0.9845853447914124
5392,0,0,0.997670590877533
3546,5,5,0.9815385341644287
3387,3,3,0.9982845187187195
8142,7,7,0.9986593723297119
3525,2,2,0.9981959462165833
2966,0,0,0.9987553358078003
6492,1,1,0.9991963505744934
7973,1,1,0.9990782737731934
1156,1,1,0.9989734888076782
9601,1,1,0.996503472328186
8845,2,2,0.9992115497589111
8372,1,1,0.9984488487243652
3112,0,0,0.9990248680114746
9271,0,0,0.9991416931152344
7520,4,4,0.9927817583084106
4091,9,9,0.9984524250030518
9010,8,8,0.9984859824180603
5296,4,4,0.998673677444458
3156,9,9,0.9986841082572937
5861,1,1,0.9990519881248474
8005,1,1,0.9991728663444519
6759,1,1,0.5069601535797119
770,6,6,0.9951393604278564
815,8,8,0.9978950023651123
4954,1,1,0.9774773716926575
6495,7,7,0.9984868764877319
2566,2,2,0.9983604550361633
6986,5,5,0.9859710335731506
6765,8,8,0.4439522922039032
3524,5,4,0.9954403638839722
3942,1,1,0.9992278814315796
4371,1,1,0.9991315007209778
3979,9,9,0.9959796667098999
7141,5,5,0.9514110088348389
1888,2,2,0.9982190728187561
6962,7,7,0.9286947250366211
2959,7,7,0.9980273842811584
7667,6,6,0.9990645051002502
9882,1,1,0.9978609681129456
6283,3,3,0.9988596439361572
8860,2,2,0.9980193376541138
7251,7,7,0.9981018900871277
8787,4,4,0.9938387274742126
502,5,5,0.9982267022132874
9093,3,3,0.9991794228553772
3819,3,3,0.9934537410736084
407,1,1,0.9983454942703247
852,8,8,0.9992511868476868
1926,0,0,0.9984643459320068
7186,2,2,0.9962033629417419
49,6,6,0.9990792274475098
6066,2,2,0.9978837370872498
4734,4,4,0.9982149600982666
6251,1,9,0.757034182548523
5211,7,7,0.9007790684700012
8612,4,4,0.9990811347961426
3507,4,4,0.9985800981521606
3178,5,5,0.9981465339660645
6035,5,5,0.9899260997772217
7239,4,4,0.9844797253608704
9741,5,5,0.6841669678688049
3960,2,2,0.9985363483428955
6254,4,4,0.9975014328956604
3175,1,1,0.9986357092857361
6864,0,0,0.998887836933136
6741,9,9,0.9922996163368225
4681,9,9,0.9953786134719849
1080,6,6,0.9907007217407227
9656,0,0,0.9989746809005737
9794,1,1,0.9980400204658508
9557,5,5,0.7450909614562988
8513,9,9,0.9985920786857605
9714,1,1,0.998873770236969
2114,2,2,0.9918379187583923
6008,3,3,0.9955834746360779
782,7,7,0.9988685846328735
2894,6,6,0.9986279010772705
2768,5,5,0.9986541271209717
5727,6,6,0.9981511235237122
8340,5,5,0.9982566237449646
5185,3,3,0.9971994161605835
668,1,1,0.9990733861923218
4428,8,8,0.9990492463111877
760,3,3,0.9976389408111572
1528,2,2,0.9990735054016113
7282,1,1,0.9959039092063904
5201,1,1,0.9987953901290894
4794,4,2,0.8684927225112915
5210,5,5,0.9882408380508423
3147,2,2,0.9990683197975159
8041,8,8,0.9964931607246399
3393,5,5,0.9639937281608582
8855,4,6,0.8514231443405151
1525,3,3,0.997611403465271
3784,5,5,0.9994844198226929
5502,6,6,0.9990166425704956
7284,0,0,0.99903404712677
9016,1,1,0.9989770650863647
5718,1,1,0.9835174083709717
7218,9,9,0.9953274726867676
6675,2,2,0.9985992312431335
7808,8,8,0.9982091188430786
7593,6,6,0.9988794922828674
8090,6,6,0.9986234903335571
6977,7,7,0.9983091354370117
8325,8,8,0.8942879438400269
3599,7,7,0.9946902990341187
1849,7,7,0.9971650242805481
4905,7,7,0.9984872341156006
1017,6,6,0.9992184638977051
4051,5,5,0.9895685315132141
8786,3,3,0.9991461038589478
1264,8,8,0.9995506405830383
4577,6,6,0.9985371828079224
9502,6,6,0.9990973472595215
5259,0,0,0.9989416003227234
7937,1,1,0.9993159770965576
2208,4,4,0.998648464679718
6678,7,7,0.9982774257659912
4819,5,5,0.9986509680747986
5595,6,6,0.9955138564109802
3257,7,7,0.9979064464569092
3271,5,5,0.9993106126785278
4510,0,0,0.9987038373947144
8117,8,8,0.9995099306106567
7618,3,3,0.9990634322166443
2154,5,5,0.997703492641449
5407,4,4,0.9563727974891663
2830,6,6,0.998915433883667
7749,1,1,0.9990125894546509
8557,3,3,0.9992985725402832
4592,7,7,0.9984286427497864
6551,4,4,0.9952318072319031
4754,3,3,0.9846680760383606
4621,8,8,0.9983012676239014
2694,1,1,0.9989697933197021
3002,7,7,0.9970728158950806
8441,8,8,0.999150276184082
8807,6,6,0.9990571141242981
6368,7,7,0.9986164569854736
4869,8,8,0.9993615746498108
8940,6,6,0.9973064661026001
5510,4,4,0.9981210827827454
6462,0,0,0.9991405010223389
5486,3,3,0.9980698227882385
1269,3,3,0.9985665678977966
6750,4,9,0.3769581615924835
8075,8,8,0.9991695880889893
9972,4,4,0.9992407560348511
2153,8,8,0.999237060546875
6080,1,1,0.9992234706878662
3592,7,7,0.9978262782096863
7417,3,3,0.9994218349456787
5121,6,6,0.9988697171211243
6260,2,2,0.997068464756012
5482,5,5,0.9900658130645752
4662,6,6,0.9977121353149414
1102,8,8,0.9995031356811523
8850,1,1,0.9581125974655151
79,8,8,0.9987139701843262
3723,1,1,0.9989210367202759
9224,6,6,0.9992210865020752
924,5,5,0.9961609840393066
2684,3,3,0.9983078241348267
7881,3,3,0.9966656565666199
4426,0,0,0.9987649917602539
7374,3,3,0.9828989505767822
4168,9,9,0.9991353154182434
2789,9,9,0.9954256415367126
8551,8,8,0.9989455342292786
9762,6,6,0.9988812804222107
4707,7,7,0.9981788396835327
2055,5,5,0.9994137287139893
5186,5,5,0.9974308609962463
9207,9,9,0.9987693428993225
7524,3,8,0.8794727325439453
6356,7,7,0.9974416494369507
7823,7,7,0.9989098310470581
7051,3,3,0.9984220266342163
1510,8,8,0.9983665347099304
9991,0,0,0.9991821646690369
8946,9,9,0.9982529282569885
240,1,1,0.9990332126617432
8477,5,5,0.999186098575592
4201,1,1,0.9981202483177185
8766,5,5,0.9992173910140991
4450,0,0,0.9986181259155273
5985,4,4,0.998256266117096
1242,8,8,0.9974368810653687
3221,5,5,0.9993129968643188
8757,8,8,0.9975900650024414
2812,0,0,0.9990848302841187
5270,1,1,0.998114824295044
1863,5,5,0.997410237789154
6631,7,7,0.974007785320282
8657,6,6,0.9918393492698669
8651,4,4,0.9305086731910706
515,3,3,0.9989933371543884
4001,2,2,0.988395094871521
8158,8,8,0.9958037734031677
3579,1,1,0.9987591505050659
5558,7,7,0.9969556331634521
3645,1,9,0.5000714659690857
7719,2,2,0.9930718541145325
3711,6,6,0.9953427314758301
2305,9,9,0.9965752959251404
2955,2,2,0.9158362746238708
7742,0,0,0.999154806137085
9419,2,2,0.9922487735748291
4015,1,1,0.9990672469139099
1825,2,2,0.9975152015686035
1963,2,2,0.9930001497268677
4247,5,5,0.9947713017463684
1594,3,3,0.9987253546714783
9021,0,0,0.9988711476325989
5934,3,3,0.9989848732948303
2130,0,0,0.9988804459571838
427,4,4,0.8909497261047363
9525,2,2,0.9989690780639648
4367,0,0,0.9990760087966919
174,9,9,0.9976174235343933
1898,0,0,0.9612191915512085
9148,3,3,0.9991016387939453
9650,8,8,0.9995447993278503
5654,4,4,0.9830906391143799
5261,2,2,0.7623012661933899
5943,3,3,0.9966444969177246
97,0,0,0.998784601688385
8745,5,5,0.9911924004554749
7758,7,7,0.9985842704772949
3696,4,4,0.9243481159210205
2146,2,2,0.9986284971237183
6923,0,0,0.9992302656173706
5137,9,9,0.999018669128418
7467,6,6,0.9992121458053589
1213,8,8,0.9986467957496643
4812,8,8,0.9091084003448486
2485,6,6,0.9987863898277283
5556,6,6,0.9977778792381287
4491,2,2,0.9958705306053162
4067,1,1,0.9991288781166077
1708,7,7,0.9917488098144531
9465,5,5,0.8048786520957947
9956,0,0,0.9952079653739929
3884,3,3,0.998144268989563
4095,8,8,0.9945100545883179
1671,8,8,0.9981552958488464
9872,0,0,0.9972266554832458
2110,0,0,0.9990755319595337
8108,5,5,0.9990634322166443
2590,5,3,0.7353150844573975
4775,2,3,0.9722118973731995
8122,4,4,0.991934061050415
7834,5,5,0.9970811009407043
6808,0,0,0.9843690395355225
5117,7,7,0.964984655380249
4017,5,5,0.9982272982597351
8739,3,3,0.9989782571792603
389,5,5,0.9955921769142151
1345,4,4,0.9989105463027954
1054,1,1,0.9993472695350647
5304,7,7,0.9977499842643738
494,1,1,0.9984332919120789
4722,6,6,0.998055100440979
3268,5,5,0.9980342984199524
8780,4,4,0.9943050742149353
2754,9,9,0.9947165846824646
1451,2,2,0.9988473653793335
2913,0,0,0.99901282787323
8296,5,5,0.7560639381408691
5837,2,2,0.929526150226593
1089,6,6,0.9986168146133423
1009,6,6,0.9981302618980408
2521,9,9,0.9980000853538513
8990,1,1,0.9986274242401123
6687,3,3,0.9973326921463013
9527,6,6,0.9980427026748657
8923,6,6,0.9898778796195984
9209,9,9,0.9144300222396851
7744,4,3,0.9919529557228088
1675,5,5,0.9933114051818848
7314,3,3,0.9989738464355469
6971,9,9,0.996428906917572
7043,6,6,0.9978415966033936
4771,0,0,0.9977450370788574
8192,5,5,0.9951542615890503
5877,9,9,0.9987471103668213
7452,4,4,0.9967350363731384
5050,3,3,0.9990788698196411
1776,0,0,0.9982810020446777
888,0,0,0.9973701238632202
4022,6,6,0.9989359974861145
3999,9,9,0.9987037181854248
1697,9,9,0.9989513158798218
397,3,3,0.9963296055793762
5956,4,4,0.9989882111549377
1829,1,1,0.998960018157959
9230,2,2,0.9092124104499817
1067,0,0,0.9989168643951416
6668,6,6,0.9985910058021545
7502,8,8,0.9928232431411743
1424,9,9,0.9986217021942139
4163,2,2,0.9889049530029297
8945,1,1,0.9990378618240356
9568,8,8,0.9988570213317871
4333,7,7,0.9976667165756226
4514,9,9,0.9990228414535522
6109,2,2,0.9991710186004639
6917,6,6,0.9967820644378662
3647,1,1,0.997995138168335
8358,0,0,0.9983102083206177
1321,2,2,0.8968418836593628
6079,3,3,0.9980677962303162
5104,8,8,0.9865090250968933
6223,7,7,0.9989533424377441
9669,8,8,0.8677496910095215
2925,4,4,0.9875005483627319
5015,2,2,0.9990673661231995
2549,6,6,0.9966727495193481
6215,2,2,0.9978286623954773
3020,1,1,0.9990459084510803
3238,6,6,0.9992119073867798
2328,7,7,0.9968563318252563
1301,1,1,0.998831570148468
8249,1,1,0.9983493089675903
5523,6,6,0.9992037415504456
1761,1,1,0.9988123178482056
6476,0,0,0.9988942742347717
2229,4,4,0.7520269751548767
8763,9,9,0.9900584816932678
4588,9,9,0.9962608218193054
9275,8,8,0.998241662979126
4287,0,0,0.9985532164573669
425,9,9,0.9968599081039429
9227,1,9,0.73824143409729
4242,8,8,0.999485969543457
3962,4,7,0.9908267855644226
5697,1,1,0.9978529214859009
2533,8,1,0.630361795425415
3835,3,3,0.9978612065315247
9507,0,0,0.9948756098747253
3664,6,6,0.9991258978843689
6720,2,2,0.9984996318817139
1807,5,5,0.9967472553253174
625,9,9,0.9983667731285095
8768,2,2,0.9929682612419128
6890,5,5,0.9984996318817139
7609,0,0,0.9984428286552429
4861,0,0,0.9962523579597473
8017,0,0,0.9987022876739502
2196,8,8,0.9995740056037903
3241,7,7,0.9991841912269592
7815,0,0,0.9831994771957397
301,6,6,0.9991550445556641
7936,1,1,0.9991844296455383
9495,0,0,0.999116837978363
9353,5,5,0.5105680227279663
7648,0,0,0.997071385383606
1367,2,2,0.9990610480308533
9342,6,6,0.998274564743042
7779,5,5,0.995192289352417
9385,7,3,0.4773258864879608
912,0,0,0.9990422129631042
5644,7,7,0.9983392953872681
8779,7,7,0.9652037620544434
2106,5,5,0.9986701011657715
2810,9,9,0.9904294013977051
1766,6,6,0.9982103109359741
4738,5,5,0.9974409341812134
9983,0,0,0.9982890486717224
6626,2,2,0.9992502331733704
1210,0,0,0.9987057447433472
6404,7,7,0.9992140531539917
4458,3,3,0.9975454211235046
7210,3,3,0.9993959665298462
6699,2,2,0.9989832043647766
4227,4,4,0.9992585778236389
3017,5,5,0.9953298568725586
5054,9,9,0.9987415671348572
1561,5,5,0.9984814524650574
4064,7,7,0.9984543323516846
8856,0,0,0.9991094470024109
143,3,3,0.9943075776100159
5918,1,1,0.9988647699356079
3328,2,2,0.9986996650695801
1324,4,4,0.9982056617736816
7763,4,4,0.901580810546875
3062,9,9,0.9977902173995972
8424,5,5,0.9792739748954773
489,0,0,0.9979836940765381
5944,2,2,0.9979273080825806
5284,6,6,0.9990179538726807
3418,1,1,0.9982682466506958
1267,4,4,0.9993084669113159
9110,1,1,0.9991838335990906
3673,2,2,0.9979754090309143
4303,5,5,0.9980019927024841
7564,8,8,0.9992393255233765
2632,3,3,0.9237673878669739
227,4,4,0.9984877109527588
9683,6,6,0.9977521300315857
6799,0,0,0.9987302422523499
2385,4,4,0.9952583909034729
3382,2,2,0.9964240193367004
7479,6,6,0.9991118311882019
2641,4,4,0.9890952706336975
3312,9,9,0.9822376370429993
9695,0,0,0.9993453621864319
6846,9,9,0.9984879493713379
1372,1,1,0.9990528225898743
297,0,0,0.9991152882575989
3918,6,6,0.9986899495124817
8978,6,6,0.9990069270133972
6583,0,0,0.9965973496437073
4442,3,3,0.9876109957695007
6213,3,3,0.8459053039550781
294,3,3,0.9976921081542969
5131,6,6,0.9992378950119019
2264,0,0,0.9671603441238403
1967,7,7,0.9987699389457703
8152,8,8,0.9984672665596008
1043,2,2,0.497684508562088
196,8,8,0.9985449314117432
8691,6,6,0.842913031578064
8617,3,5,0.737450897693634
7294,5,5,0.9984663724899292
4289,7,7,0.9985612034797668
2250,7,7,0.992205798625946
3861,6,6,0.9987984895706177
3774,5,5,0.9941653609275818
9617,8,8,0.9984256029129028
1565,6,6,0.998870313167572
2835,4,7,0.9252651929855347
7061,4,0,0.3537828028202057
6301,1,1,0.9985309839248657
1350,4,4,0.9985066056251526
1155,9,9,0.991033136844635
976,6,6,0.9984787106513977
4175,3,3,0.9988937973976135
9368,1,1,0.9984340071678162
5752,3,3,0.9986165761947632
2164,1,1,0.9976242184638977
1373,3,3,0.8488965630531311
7575,8,8,0.9967257976531982
371,7,7,0.9990330934524536
8652,9,9,0.9991090893745422
4864,3,3,0.9924693703651428
9470,9,9,0.9985924363136292
3131,7,7,0.9969694018363953
1119,7,7,0.9987757802009583
4525,0,0,0.9985559582710266
4382,7,7,0.99744713306427
255,0,0,0.9941527247428894
3767,6,6,0.9980898499488831
5269,5,5,0.9881231188774109
2060,5,5,0.9985198378562927
6433,8,8,0.9983466863632202
3366,8,8,0.9981358051300049
7203,5,5,0.9962794184684753
4779,9,9,0.991439938545227
4496,8,8,0.9992778897285461
4515,0,0,0.9988227486610413
8379,8,8,0.9991590976715088
4919,8,8,0.9946415424346924
149,2,2,0.9969456791877747
8868,4,4,0.9943286776542664
1861,3,3,0.9988693594932556
4644,7,7,0.9985412359237671
7214,3,3,0.9905478358268738
7379,7,7,0.9982082843780518
4308,0,0,0.9987088441848755
7760,2,2,0.9966709017753601
7534,6,6,0.9989742040634155
6821,0,0,0.9982900023460388
3148,0,0,0.9991016387939453
3078,8,8,0.9992331266403198
2312,2,2,0.9985018968582153
2636,1,1,0.9988481998443604
6367,4,4,0.9985471367835999
1044,8,8,0.9991212487220764
9372,7,7,0.9993570446968079
3978,2,2,0.9985188841819763
8110,5,5,0.9829361438751221
2480,8,8,0.9981325268745422
9614,6,6,0.9989439845085144
6651,6,6,0.9990171194076538
25,2,2,0.9952972531318665
3106,8,8,0.9987549781799316
8947,4,4,0.9991078972816467
6467,3,3,0.9988909363746643
5199,6,6,0.9983687996864319
1057,7,7,0.9992094039916992
4077,3,3,0.9986276626586914
9577,0,0,0.999118983745575
6048,1,1,0.9990229606628418
6107,9,9,0.9976258873939514
7050,8,8,0.9988523721694946
2872,1,1,0.9958892464637756
1404,1,1,0.9986633062362671
9631,7,7,0.9986478686332703
8157,1,1,0.9986774325370789
8429,4,4,0.9949939846992493
5490,3,3,0.9962682127952576
2981,4,3,0.4163617193698883
3248,0,0,0.999210000038147
2340,7,7,0.999072790145874
8895,0,0,0.999121367931366
2472,5,5,0.9504513144493103
7445,6,6,0.9988358616828918
1558,4,4,0.9984545707702637
3410,4,4,0.9978421926498413
1583,1,1,0.9991094470024109
4562,4,4,0.9509473443031311
4224,5,5,0.9979884624481201
724,8,8,0.9987342953681946
4581,3,3,0.9986032843589783
3598,2,2,0.9990237951278687
7307,8,8,0.9968811273574829
1416,3,3,0.9988975524902344
1428,7,7,0.9985566735267639
623,2,2,0.9934691190719604
4651,8,8,0.9824419617652893
5683,6,6,0.9985553622245789
5196,2,2,0.99909508228302
2825,2,2,0.9720127582550049
7873,1,1,0.9967175126075745
6548,0,0,0.9985505938529968
6884,0,0,0.9611710906028748
3633,3,3,0.9981416463851929
6442,6,6,0.9988804459571838
990,1,1,0.9976871013641357
4594,1,1,0.9989299178123474
6082,0,0,0.9971305727958679
8915,9,9,0.9986550807952881
4536,9,9,0.9914270639419556
5191,3,3,0.9975605010986328
5536,6,6,0.9987291693687439
5868,9,9,0.995560884475708
2554,4,4,0.9904263615608215
3309,4,7,0.9919020533561707
9154,2,2,0.9992314577102661
2263,6,6,0.9985927939414978
7519,2,2,0.9689870476722717
7147,5,5,0.9376664757728577
2863,6,6,0.9990693926811218
2268,3,3,0.9988679885864258
4497,8,8,0.9988625049591064
330,1,1,0.998745322227478
9657,5,5,0.9955273270606995
7635,9,9,0.9985621571540833
7070,7,7,0.9990018010139465
9560,9,9,0.998506486415863
6288,6,6,0.9991983771324158
9885,8,8,0.9993878602981567
2924,1,1,0.999028205871582
2563,2,2,0.9989508390426636
827,6,6,0.9981558918952942
4405,6,6,0.9991348385810852
8251,3,3,0.9987938404083252
5369,4,2,0.5908876061439514
9706,9,9,0.9983035326004028
6725,8,8,0.9988118410110474
1983,8,8,0.9921046495437622
3713,2,2,0.9900490045547485
9723,7,7,0.9987301230430603
6491,0,0,0.9932878613471985
8826,8,8,0.9988240599632263
2945,7,7,0.9978923201560974
8331,3,3,0.9979143738746643
4838,1,1,0.9987660646438599
7884,9,9,0.9973652958869934
9451,8,8,0.9980378746986389
483,5,3,0.62981778383255
7092,2,2,0.9988654851913452
5573,9,9,0.9988440275192261
8238,1,1,0.9984519481658936
9592,1,1,0.9987832903862
693,7,7,0.9980931878089905
4129,1,1,0.9978256821632385
4385,8,8,0.9962487816810608
495,8,8,0.9991301894187927
9824,1,1,0.9952712655067444
2767,5,5,0.5809075832366943
2364,6,6,0.9988852143287659
688,3,3,0.9904334545135498
1266,0,0,0.9976937174797058
2757,1,1,0.999022364616394
16,5,5,0.9975090026855469
6497,4,4,0.6930307745933533
5127,1,1,0.9981732368469238
2356,8,8,0.9973242282867432
9673,9,9,0.998794436454773
6124,8,8,0.9704928994178772
4059,1,1,0.9989834427833557
1469,7,7,0.9972859621047974
2339,2,2,0.9849904179573059
6299,3,3,0.9983853101730347
713,7,7,0.9979846477508545
8026,0,0,0.9973483085632324
9541,4,4,0.998439610004425
1995,2,2,0.9985882639884949
3988,1,1,0.9975394010543823
6705,3,3,0.9974935054779053
9477,5,5,0.9982726573944092
3772,1,1,0.9942272901535034
8451,5,5,0.9643986821174622
8813,1,1,0.9981052875518799
6980,0,0,0.9067974090576172
3980,9,9,0.9932124614715576
9431,3,3,0.9704176187515259
3929,3,3,0.9986737966537476
7932,9,9,0.9981942772865295
1076,0,0,0.9992745518684387
4006,8,8,0.9993945360183716
54,8,8,0.9994825124740601
8590,0,0,0.9984524250030518
3560,1,9,0.9685930013656616
2639,6,6,0.9977916479110718
2044,3,3,0.9965497255325317
4161,6,6,0.9987302422523499
9829,5,5,0.9987114667892456
837,2,2,0.991574227809906
4567,4,4,0.9489622712135315
9452,2,2,0.9969966411590576
7701,0,0,0.99899822473526
286,1,1,0.9984167814254761
9173,4,4,0.9963209629058838
2194,8,8,0.9991017580032349
4792,0,0,0.9985988736152649
7580,8,8,0.9956692457199097
7196,0,0,0.9987218976020813
7466,6,6,0.9990423321723938
682,4,7,0.8326966166496277
2335,5,5,0.9757586717605591
4616,4,4,0.9900240898132324
6745,7,7,0.9987698197364807
3442,6,6,0.9991451501846313
8479,4,4,0.9249303936958313
2089,7,7,0.9990699887275696
6493,1,1,0.9982761144638062
9800,1,1,0.9992079138755798
2249,0,0,0.9983154535293579
7644,3,3,0.9958584904670715
9330,4,4,0.9976826906204224
9890,0,0,0.998489260673523
8125,8,8,0.9557368159294128
9720,8,8,0.9971644282341003
8789,5,5,0.9988253712654114
4162,0,0,0.998223602771759
1831,9,9,0.9566450715065002
8613,6,6,0.9991135001182556
612,8,8,0.9991416931152344
1196,2,2,0.9990874528884888
1792,9,9,0.9982909560203552
3384,7,7,0.9987568855285645
7463,2,2,0.9969323873519897
3407,1,1,0.9988183379173279
3163,9,9,0.998285710811615
9769,8,8,0.9984685778617859
516,8,8,0.9994762539863586
1508,8,8,0.9989761114120483
6144,7,7,0.6516152620315552
4422,3,3,0.9972977042198181
170,9,9,0.9985783100128174
7517,2,2,0.9972895383834839
4728,7,7,0.9991760849952698
5738,2,2,0.9989162683486938
6650,0,0,0.9989864230155945
3992,0,0,0.9984400868415833
5105,7,7,0.9988985061645508
4130,6,6,0.9989809393882751
315,0,0,0.9977353811264038
5516,0,0,0.9991064667701721
1724,4,4,0.9978873133659363
777,6,6,0.9986935257911682
2199,2,2,0.9840113520622253
2891,7,7,0.9956127405166626
9984,7,7,0.9992345571517944
7851,0,0,0.9991165995597839
1945,4,4,0.9061617255210876
8848,3,3,0.9979445338249207
8703,4,4,0.9953522682189941
7330,5,5,0.9965040683746338
8900,2,2,0.8989103436470032
4655,7,7,0.9988721013069153
9496,1,1,0.9987677335739136
9481,2,2,0.9985920786857605
5913,7,7,0.9919635057449341
3092,5,5,0.9990391731262207
5451,6,6,0.9992690682411194
9805,2,2,0.9486786127090454
9136,6,6,0.9991169571876526
6242,4,4,0.988805890083313
3526,4,4,0.9991686344146729
9681,2,2,0.9961524605751038
7320,8,8,0.9990023970603943
3548,0,0,0.9988569021224976
2470,7,7,0.9956244826316833
5822,3,3,0.9988259673118591
7674,1,1,0.9944620728492737
2922,3,3,0.9985847473144531
8983,3,4,0.8728378415107727
455,4,4,0.9883130192756653
7296,8,8,0.999377965927124
5905,1,1,0.9949126243591309
8371,2,2,0.9982446432113647
3414,3,3,0.9989756345748901
4939,0,0,0.9991161227226257
5436,6,6,0.9975289702415466
4855,1,1,0.9993487000465393
5912,4,4,0.9927472472190857
323,3,3,0.9911796450614929
7212,3,3,0.9986340403556824
7845,2,2,0.9989491105079651
9835,7,7,0.9984304308891296
5623,8,8,0.9976966977119446
9628,9,9,0.9989421963691711
6076,7,7,0.9985554814338684
5449,1,1,0.9990560412406921
3502,8,8,0.9945428371429443
1033,3,3,0.9888217449188232
1081,6,6,0.9991751313209534
2752,3,3,0.9991406202316284
6803,6,6,0.999187171459198
213,9,9,0.9916717410087585
8874,7,7,0.9936981797218323
7222,8,8,0.9902212619781494
118,2,6,0.9870540499687195
7999,6,6,0.9931139349937439
7568,7,7,0.9976218342781067
2963,3,3,0.9940874576568604
8656,7,7,0.9962103366851807
426,3,3,0.9767668843269348
9358,2,2,0.997700035572052
3577,9,9,0.9370457530021667
2318,2,2,0.9981964230537415
5677,7,4,0.764858603477478
4380,9,9,0.998177170753479
7976,7,7,0.9870042204856873
2908,7,7,0.9987272620201111
6691,8,8,0.9993977546691895
8382,3,3,0.9988002777099609
4157,2,2,0.9965243935585022
1051,2,2,0.9944580793380737
3230,3,3,0.9991868138313293
1828,7,7,0.9985700845718384
9285,8,8,0.9957601428031921
1299,7,7,0.9946715235710144
8790,0,0,0.9984427094459534
6480,0,0,0.9986664056777954
1470,7,7,0.6732043623924255
876,4,4,0.9988524913787842
1457,1,1,0.998881995677948
5051,1,1,0.9986528158187866
9760,9,9,0.997747004032135
8217,9,9,0.998924195766449
4454,6,6,0.9989433884620667
6595,2,2,0.8403409123420715
5108,1,1,0.9879144430160522
399,3,3,0.9970633387565613
638,0,0,0.9990274906158447
8236,5,5,0.9883158802986145
1180,3,3,0.9936224818229675
7171,2,2,0.9977384805679321
599,3,3,0.999213695526123
8674,1,1,0.998555600643158
4148,3,3,0.9992365837097168
9913,7,7,0.9976605176925659
8399,5,5,0.995961606502533
5779,3,3,0.9944754242897034
1569,1,1,0.9985828399658203
8866,1,1,0.9989977478981018
1010,0,0,0.9992590546607971
7516,1,1,0.9989914298057556
6122,5,5,0.9972633123397827
4418,9,9,0.976506769657135
36,4,4,0.998600423336029
7537,4,4,0.9943665862083435
6563,6,6,0.9988396763801575
1991,1,1,0.9993276596069336
7290,6,6,0.9981542229652405
968,1,1,0.9974995255470276
3883,7,7,0.9987291693687439
8269,8,0,0.8061971068382263
4702,6,6,0.9984208345413208
8420,3,6,0.7117335796356201
182,2,2,0.9987673759460449
1640,7,7,0.9774720072746277
1851,0,0,0.9988001585006714
3823,0,0,0.9988052845001221
4344,4,4,0.9930577278137207
7605,2,2,0.9943106174468994
4290,2,2,0.9989063739776611
8969,8,8,0.9993165731430054
4877,6,6,0.9990423321723938
9013,7,7,0.9985727071762085
5854,4,4,0.9965182542800903
9278,7,7,0.7605702877044678
6726,3,3,0.996527373790741
9945,7,7,0.9988265633583069
7306,4,4,0.9874623417854309
1667,6,6,0.9992631077766418
8578,2,2,0.9929208159446716
1198,7,7,0.9989964365959167
7228,3,3,0.5231971144676208
9979,3,3,0.9988325238227844
2866,9,9,0.9988865256309509
2427,5,5,0.9929139614105225
4906,5,5,0.657667338848114
4984,7,7,0.9780054688453674
4574,3,3,0.9959426522254944
8537,0,0,0.9987804293632507
3513,3,3,0.9964219331741333
4270,0,0,0.9989284873008728
8550,1,1,0.9976319074630737
5356,7,7,0.9984784722328186
9157,3,3,0.9988552331924438
476,6,6,0.9989610910415649
1999,5,5,0.9995393753051758
9445,9,9,0.9968072175979614
4925,5,5,0.9993333220481873
3854,8,8,0.9957113265991211
1403,6,6,0.9991556406021118
1867,6,6,0.9259901642799377
5367,0,0,0.9986041188240051
5181,1,1,0.9989922642707825
6512,2,2,0.9987955093383789
1260,1,1,0.9984582662582397
558,3,3,0.9991443157196045
3256,4,4,0.9984902143478394
3968,8,8,0.9984931945800781
1060,9,9,0.9987037181854248
5892,8,8,0.9992764592170715
6146,0,0,0.6332768201828003
554,9,9,0.9962156414985657
2712,1,1,0.9976344108581543
152,6,6,0.999052107334137
5273,7,7,0.9955400824546814
7500,6,6,0.9983521699905396
2278,9,9,0.9977142810821533
1693,4,4,0.9953901767730713
9289,5,5,0.4963214695453644
4755,1,1,0.9982258677482605
9194,6,6,0.998842716217041
1413,1,1,0.9985167384147644
9118,4,4,0.9985072016716003
8028,1,1,0.9983988404273987
6099,7,7,0.9980424642562866
4373,0,0,0.9988409876823425
7590,2,2,0.5492951273918152
7151,1,1,0.9989533424377441
8752,5,3,0.5301668643951416
8632,3,3,0.9706500172615051
4033,6,6,0.9988070726394653
8428,5,5,0.9822174906730652
775,2,2,0.9952285289764404
5133,2,2,0.9987363219261169
2039,8,8,0.9794777631759644
2361,2,2,0.9978274703025818
4401,1,1,0.9990084767341614
6135,3,3,0.9976654052734375
3008,8,8,0.9988096952438354
4498,8,8,0.9936618804931641
946,0,0,0.9988206028938293
615,8,8,0.9966680407524109
8525,3,3,0.9990039467811584
4490,0,0,0.9976957440376282
9206,8,8,0.998437225818634
5927,6,6,0.995622456073761
4744,6,0,0.9986799359321594
1941,7,7,0.9804490208625793
9661,5,5,0.9988682270050049
2051,5,5,0.9519557356834412
6266,7,7,0.9988238215446472
7945,6,6,0.9987761378288269
5000,7,7,0.9982847571372986
7272,1,1,0.9991280436515808
6211,8,8,0.9994669556617737
572,1,1,0.997799813747406
5676,6,6,0.9987812638282776
9951,0,0,0.9986911416053772
2170,2,2,0.999377965927124
1327,6,6,0.9986810088157654
4714,6,6,0.998424768447876
280,9,9,0.9979631900787354
1972,6,6,0.9930887818336487
6483,6,6,0.9991130232810974
5781,0,0,0.999204695224762
3446,6,6,0.9866107702255249
791,0,0,0.9990547299385071
841,0,0,0.9988707900047302
9552,9,9,0.9989848732948303
178,5,5,0.7526333332061768
7637,8,8,0.9988489151000977
4353,6,6,0.9992135763168335
5097,7,7,0.9972921013832092
6816,1,1,0.9988697171211243
1474,3,3,0.9976239800453186
3463,3,3,0.9690626263618469
7426,7,7,0.9989247918128967
2384,5,5,0.9983963370323181
326,7,7,0.999010443687439
9664,0,0,0.9991251826286316
5768,7,7,0.9973127245903015
6297,5,5,0.9963493347167969
2156,8,8,0.9992038607597351
9544,0,0,0.9990111589431763
6031,5,5,0.9980365633964539
3816,2,2,0.998051643371582
952,6,6,0.9936814308166504
9674,9,9,0.9986168146133423
1011,8,8,0.9993846416473389
3406,6,6,0.9993875026702881
2561,6,6,0.9989098310470581
7200,4,4,0.9962828755378723
2245,8,8,0.9983614087104797
3103,6,6,0.9986699819564819
1648,8,8,0.8439084887504578
2078,2,6,0.6141294836997986
18,8,8,0.9986186027526855
3449,1,1,0.9987780451774597
3217,7,7,0.9989092350006104
7365,4,4,0.9990197420120239
8891,9,9,0.9983810186386108
5238,2,2,0.9516200423240662
3871,8,8,0.9987188577651978
9167,7,7,0.9964118599891663
9176,8,8,0.9662923216819763
7331,5,5,0.9971609115600586
8708,7,7,0.9318302273750305
2012,5,5,0.9993366599082947
7778,0,0,0.9985530972480774
8918,7,7,0.989389955997467
7897,2,2,0.9813313484191895
9778,3,3,0.9988036155700684
7449,0,0,0.9968246221542358
7277,4,4,0.998955488204956
5101,5,5,0.9972043633460999
3297,4,3,0.7418635487556458
3912,8,8,0.9994484782218933
5376,5,5,0.996410071849823
8833,6,6,0.9986394047737122
1501,2,2,0.9760105609893799
6642,9,9,0.9965934157371521
7138,0,0,0.9962571859359741
12,5,5,0.9950227737426758
5255,0,0,0.9985346794128418
690,3,3,0.9836069345474243
2869,4,4,0.9988085031509399
3047,6,6,0.9977508187294006
5112,5,5,0.9926443099975586
817,5,5,0.9907776117324829
1375,4,4,0.9970165491104126
4846,8,8,0.9980675578117371
6930,2,2,0.9938442707061768
411,9,9,0.6567061543464661
7164,0,0,0.9989669322967529
9405,8,8,0.9990968704223633
4585,8,8,0.9432168006896973
8749,5,5,0.7939833402633667
6300,1,1,0.9988160133361816
2560,7,7,0.9990102052688599
3438,9,9,0.9987919926643372
4456,7,7,0.9992732405662537
2434,0,0,0.9982306361198425
8540,4,4,0.9964883327484131
8592,0,0,0.9986827969551086
644,9,9,0.9983450174331665
3776,9,9,0.9985328912734985
8717,8,8,0.9960002303123474
7059,4,6,0.9322565197944641
1496,2,2,0.9981963038444519
2538,5,5,0.9981821775436401
5428,4,4,0.8074015378952026
5674,9,9,0.9983476400375366
805,4,4,0.9979730248451233
4928,9,9,0.9990170001983643
8621,1,1,0.999055802822113
1402,7,7,0.9986109733581543
5404,2,2,0.9984229803085327
6353,2,2,0.9963957667350769
7177,2,2,0.9987247586250305
8593,1,1,0.9988349080085754
8436,5,5,0.997226893901825
2997,2,2,0.9940429329872131
5236,0,0,0.9990420937538147
110,4,4,0.9992796778678894
6721,7,7,0.9963856935501099
4058,7,7,0.9890636801719666
3731,6,6,0.9982775449752808
8899,4,4,0.9834044575691223
966,6,6,0.9255772829055786
1300,4,4,0.9952484965324402
8247,6,6,0.9985023736953735
2826,4,4,0.9989573955535889
5333,7,7,0.9992936849594116
9946,0,0,0.9991280436515808
9054,8,8,0.9991807341575623
7199,1,1,0.9989902377128601
6645,6,6,0.9984704852104187
1865,7,7,0.9988597631454468
3761,0,0,0.9955024123191833
8016,4,4,0.9922388792037964
1452,6,6,0.9962818026542664
8682,5,5,0.9977434873580933
2558,4,4,0.9966985583305359
619,1,1,0.9992569088935852
9743,9,9,0.5935660004615784
4617,3,3,0.9976493716239929
2745,8,8,0.9974877834320068
774,0,0,0.9992671608924866
9032,9,9,0.997869610786438
1179,3,3,0.9947223663330078
4305,0,0,0.9987142086029053
4732,2,6,0.9878271222114563
9659,4,4,0.997892439365387
3613,5,5,0.9985118508338928
8389,1,1,0.9992239475250244
7931,9,9,0.8928759694099426
445,7,7,0.9973638653755188
4246,5,5,0.9990608096122742
1568,0,0,0.996466875076294
7982,9,9,0.9990204572677612
1617,0,0,0.9991685152053833
4810,5,5,0.9980682730674744
3538,2,2,0.9990841150283813
9729,4,4,0.8082848191261292
7487,1,1,0.9987437129020691
6781,3,3,0.9986628293991089
9962,4,4,0.9984246492385864
4391,3,3,0.9582375288009644
2279,9,9,0.9979762434959412
7562,2,2,0.7452971339225769
4938,3,3,0.9972695708274841
6909,4,4,0.9973171353340149
175,9,9,0.99901282787323
5303,5,5,0.9993395209312439
660,9,9,0.9982966780662537
9802,0,0,0.9990702271461487
1815,9,9,0.9987609386444092
5972,8,8,0.8538663983345032
3141,9,9,0.9987099170684814
4193,9,9,0.9932793974876404
8132,8,8,0.9992096424102783
4410,9,9,0.990947425365448
3562,8,8,0.9978296160697937
1308,5,5,0.9972190856933594
7022,2,2,0.988593578338623
8349,4,4,0.9988682270050049
656,1,1,0.9988721013069153
452,7,7,0.9990567564964294
3491,3,3,0.9988729357719421
2442,4,4,0.9968794584274292
20,7,7,0.9908017516136169
6418,0,0,0.9992651343345642
8499,9,9,0.9987432360649109
8972,9,9,0.9735454320907593
9880,7,7,0.9889779686927795
2426,2,2,0.9956222176551819
4790,1,1,0.9980779886245728
5866,4,4,0.9973449110984802
5497,3,3,0.9993382096290588
2034,3,6,0.8437274098396301
6200,3,3,0.9971010088920593
1577,5,5,0.9736026525497437
3361,4,4,0.9983260035514832
3660,0,0,0.9986714124679565
1203,0,0,0.9990990161895752
8456,4,4,0.9983206391334534
7892,1,1,0.9460131525993347
3085,2,2,0.9989018440246582
3659,6,6,0.9991856217384338
3951,1,1,0.9992056488990784
2622,0,0,0.9967663288116455
5649,0,0,0.9983868598937988
1551,4,4,0.9986250400543213
6610,8,8,0.9989427924156189
276,0,0,0.971393346786499
9519,9,9,0.9986036419868469
8074,7,7,0.9980003237724304
4527,3,3,0.7052977085113525
4259,5,5,0.9991176724433899
3953,7,7,0.996397852897644
457,5,5,0.9959157109260559
3919,7,7,0.9982901215553284
2988,5,5,0.9963123202323914
7681,0,0,0.9986566305160522
3641,8,8,0.9978219270706177
2465,9,9,0.9987891316413879
5337,5,5,0.9991149306297302
4184,4,4,0.997844934463501
492,8,8,0.999444305896759
3212,6,6,0.9990266561508179
2337,7,7,0.9992132186889648
1143,6,6,0.998776376247406
1669,6,6,0.9991708993911743
3161,9,9,0.9977311491966248
8472,2,2,0.9985252022743225
8208,8,8,0.9932779669761658
7796,8,8,0.9984933137893677
8876,0,0,0.9969348907470703
3432,5,5,0.9968634843826294
5625,5,5,0.9893271923065186
8905,8,8,0.999232292175293
2019,9,9,0.9934064149856567
9524,4,4,0.9991384744644165
7492,9,9,0.8169695138931274
1907,1,1,0.9972772002220154
8798,6,6,0.9984124898910522
6602,8,8,0.9986553192138672
1270,1,1,0.9278619885444641
9682,7,7,0.9986714124679565
2291,5,5,0.9990792274475098
1536,5,5,0.9945841431617737
1316,5,5,0.9977377653121948
930,4,4,0.9988611936569214
6487,6,6,0.9989880919456482
8105,0,0,0.9992533326148987
1827,4,4,0.9961740374565125
7784,7,7,0.5099020600318909
2373,0,0,0.9988495111465454
1887,3,3,0.9984554052352905
8648,1,1,0.9987657070159912
5286,6,6,0.9993345141410828
7178,0,0,0.9990407824516296
2585,3,3,0.9971210360527039
9005,5,5,0.988893449306488
5402,4,4,0.6729391813278198
6546,2,2,0.9991722106933594
4107,3,3,0.9989396929740906
3521,8,8,0.9980396628379822
2010,7,3,0.5724112391471863
6952,8,8,0.9993552565574646
9243,3,3,0.9992915391921997
1263,8,0,0.9058334827423096
9265,1,1,0.9988666772842407
2360,7,7,0.996669590473175
5274,2,2,0.9990503191947937
2350,3,3,0.9798911213874817
1602,7,7,0.9981412887573242
4435,3,3,0.9947898387908936
5342,8,8,0.8485159873962402
5031,4,4,0.971541166305542
3454,2,2,0.998870313167572
9457,1,1,0.9988034963607788
7514,7,7,0.999298095703125
9520,1,1,0.9988685846328735
9338,3,3,0.9989445805549622
974,7,7,0.9960126876831055
4186,7,7,0.9972912669181824
2276,0,0,0.9521822929382324
2158,9,9,0.9983988404273987
8419,7,7,0.9390618205070496
6003,0,0,0.998786985874176
6988,4,4,0.9984003901481628
3836,7,7,0.9979727864265442
2212,2,2,0.9990482926368713
4965,3,4,0.7542237639427185
8535,7,7,0.973194420337677
5348,1,1,0.9990655779838562
5324,2,4,0.6355953812599182
616,6,6,0.9988596439361572
6875,5,5,0.9985164999961853
9698,7,7,0.9990795850753784
9803,1,1,0.9987081289291382
651,9,9,0.9969925880432129
9654,5,5,0.997627317905426
1262,8,8,0.9979525804519653
4633,1,1,0.9988822340965271
9569,6,6,0.9977104663848877
2487,5,5,0.9947709441184998
1597,3,3,0.9984631538391113
4159,4,4,0.999001681804657
7018,0,0,0.9990837574005127
8388,1,1,0.9991655349731445
7288,7,7,0.9921697974205017
8161,5,5,0.9939362406730652
4543,1,1,0.9986166954040527
4320,1,1,0.9953338503837585
9102,7,7,0.9991194605827332
9483,0,0,0.9919096827507019
8521,9,8,0.8664470911026001
8878,8,8,0.9989991784095764
634,7,7,0.9981632828712463
1141,1,1,0.9989483952522278
3680,0,0,0.999184787273407
5030,4,4,0.9948840737342834
7818,9,9,0.9979914426803589
5382,0,0,0.998859167098999
8127,9,9,0.9939265847206116
1175,9,9,0.9975503087043762
592,2,2,0.9985467791557312
8168,6,6,0.9988414645195007
5395,0,0,0.9983757734298706
3671,4,4,0.9989134073257446
4923,7,7,0.9986940026283264
8298,3,3,0.9978647828102112
3794,1,1,0.9992252588272095
9409,9,9,0.9985330104827881
7475,3,3,0.9783519506454468
8741,1,1,0.9943920969963074
5935,6,6,0.9987989664077759
4589,3,3,0.9836769104003906
1130,7,7,0.9985668063163757
9521,2,2,0.9948846697807312
5825,3,3,0.9990448355674744
8396,3,3,0.9981479644775391
5172,4,6,0.643969714641571
3564,9,9,0.9987313151359558
8820,2,2,0.997190535068512
501,6,6,0.9988223910331726
2304,6,6,0.9988428354263306
6327,4,4,0.9988335967063904
2292,5,5,0.9090902805328369
7349,3,3,0.9981105327606201
4294,0,0,0.9984259605407715
8976,7,7,0.9961761236190796
2505,7,7,0.9981871247291565
1572,6,6,0.9990134239196777
5714,2,2,0.9947134852409363
7028,9,9,0.9973835349082947
6204,4,4,0.8289017677307129
7857,4,4,0.9940190315246582
4338,9,9,0.9980618357658386
3138,8,8,0.9993701577186584
7192,7,7,0.9980452060699463
5776,5,5,0.9985584616661072
5079,1,1,0.9988194108009338
1389,5,5,0.9984835982322693
7862,1,1,0.9986851811408997
7181,6,6,0.9962167143821716
6858,1,1,0.9989145994186401
6381,9,1,0.9987096786499023
4009,2,2,0.9987127780914307
7300,3,3,0.9916592240333557
4731,4,4,0.997478187084198
9773,9,9,0.9972648620605469
8160,6,6,0.9982556700706482
4113,0,0,0.9988375306129456
6326,7,7,0.9976686835289001
4981,1,1,0.998141884803772
4288,1,1,0.9990639090538025
1183,0,0,0.9990322589874268
32,4,4,0.9920496344566345
7617,2,0,0.9808372855186462
2662,6,6,0.9989312291145325
8795,0,0,0.9992456436157227
866,3,3,0.9909220337867737
814,0,0,0.9696266055107117
221,6,6,0.9982621073722839
7692,0,0,0.9985515475273132
1026,0,0,0.9870601892471313
1154,6,6,0.9991971850395203
1004,8,8,0.9992527365684509
2516,2,2,0.9940807223320007
1997,9,9,0.9983055591583252
3124,6,6,0.9988183379173279
1979,3,3,0.9992413520812988
7715,1,1,0.9982092380523682
9055,6,6,0.9987408518791199
6434,0,8,0.5044312477111816
7581,9,9,0.9978534579277039
8765,2,2,0.9982089996337891
1925,1,1,0.9990180730819702
9078,4,4,0.9991737008094788
7956,4,4,0.5885835886001587
3135,7,7,0.9896973967552185
1467,1,1,0.9990485310554504
2780,7,7,0.9988505840301514
6093,2,2,0.997928261756897
4896,7,7,0.9966346621513367
3276,4,4,0.9636425971984863
863,3,3,0.9915934801101685
7577,1,1,0.9988711476325989
6969,2,2,0.9840509295463562
8697,5,5,0.9982093572616577
2241,0,0,0.9989433884620667
5459,5,5,0.9952860474586487
93,6,6,0.9989842772483826
5542,9,9,0.9982593655586243
8602,8,8,0.9943585991859436
2909,0,0,0.9991361498832703
1225,6,6,0.9988946318626404
38,9,9,0.998365581035614
7830,2,2,0.9987359642982483
2972,3,3,0.9982106685638428
5593,7,7,0.998555600643158
9119,4,4,0.998630166053772
1245,6,6,0.9987629652023315
5266,4,4,0.9891399145126343
8929,9,9,0.9976626634597778
3505,4,4,0.9980952143669128
7544,0,0,0.9989374279975891
9666,3,3,0.9939624667167664
3588,6,6,0.998771607875824
2761,7,7,0.995539128780365
1295,0,0,0.999060332775116
8447,0,0,0.998501181602478
5991,3,5,0.7340630888938904
3863,2,2,0.9966042041778564
3778,7,7,0.5215581655502319
6171,4,4,0.9980612397193909
4341,1,1,0.99922776222229
5042,2,2,0.9992097616195679
4949,1,1,0.9987736344337463
9744,1,1,0.9967208504676819
9996,3,3,0.9978278279304504
6312,2,2,0.9987002611160278
889,4,4,0.9965589642524719
4425,1,1,0.998316764831543
2401,3,3,0.998643696308136
3197,6,6,0.9990062117576599
7425,2,2,0.9989867806434631
9501,6,6,0.9965518712997437
7224,3,3,0.9980448484420776
9450,6,6,0.9980841875076294
98,0,0,0.9990181922912598
5665,2,0,0.9115878343582153
3383,8,8,0.9980418682098389
6572,4,4,0.9974127411842346
7305,6,6,0.9988394379615784
1079,6,6,0.9991160035133362
7647,6,6,0.999150276184082
928,0,0,0.9992088675498962
2914,6,6,0.9978112578392029
6954,7,0,0.7341154217720032
1090,0,0,0.9937995076179504
6212,7,7,0.9956833124160767
9329,7,7,0.9681845903396606
233,8,8,0.9983649849891663
4283,6,6,0.9983249306678772
6838,1,1,0.9989398121833801
6937,8,8,0.9991173148155212
3013,3,3,0.9972530007362366
7395,2,2,0.9954083561897278
3554,1,1,0.9964401125907898
3421,0,0,0.9889402985572815
8030,2,2,0.9951757192611694
42,5,5,0.9921463131904602
8202,5,5,0.9970691800117493
6677,5,5,0.9992576241493225
8446,3,3,0.7929561138153076
8052,7,7,0.9961045980453491
1097,5,5,0.999351441860199
3290,5,5,0.9971340894699097
1994,8,8,0.9947171807289124
5305,7,7,0.9988491535186768
1115,1,1,0.9990744590759277
433,7,7,0.9979836940765381
3443,4,2,0.9476522207260132
7661,9,9,0.9969273209571838
4946,4,4,0.9968221187591553
395,6,6,0.9991912245750427
1231,9,9,0.9982707500457764
8794,5,5,0.9744757413864136
4749,2,2,0.9831361174583435
8099,3,3,0.9992794394493103
8928,4,4,0.9968826770782471
3859,3,3,0.9992891550064087
4392,5,5,0.9975165128707886
4684,1,1,0.9987015724182129
2162,5,5,0.9987558126449585
7782,8,8,0.9985995888710022
3111,0,0,0.9971185922622681
2512,2,2,0.998428225517273
2169,8,8,0.9994070529937744
5633,4,4,0.9991287589073181
5379,4,4,0.9978665709495544
5737,9,9,0.9988875985145569
9889,8,8,0.9326515197753906
418,3,2,0.9260087609291077
6412,8,9,0.9388428926467896
1529,4,4,0.9213097095489502
7266,2,2,0.9991000890731812
6613,8,8,0.9971145391464233
2023,5,5,0.9971640706062317
6352,2,2,0.9977959394454956
7292,5,5,0.9987319111824036
7670,2,2,0.9977260231971741
5126,0,0,0.9988999366760254
3132,5,5,0.9967194199562073
920,6,6,0.9991003274917603
9999,7,7,0.9988609552383423
4254,8,8,0.9987461566925049
3750,9,1,0.7339293956756592
5145,4,4,0.9986497759819031
5256,0,0,0.9991577863693237
2876,9,9,0.9984435439109802
7738,2,2,0.9991217255592346
8514,7,7,0.9966384172439575
8040,2,2,0.9964787364006042
88,8,8,0.9980947375297546
2486,7,7,0.9963340759277344
4637,3,3,0.9986820816993713
3610,5,5,0.9920767545700073
2875,1,1,0.9989651441574097
4133,2,2,0.99859219789505
2583,7,7,0.9988106489181519
215,0,0,0.9990621209144592
8466,7,7,0.9884910583496094
5903,4,4,0.9841745495796204
2414,5,5,0.9992644190788269
8177,8,8,0.9934559464454651
4262,4,4,0.9747087955474854
1257,2,2,0.9983999133110046
2741,6,6,0.9992824196815491
9780,4,4,0.9636467099189758
3145,9,9,0.9970394968986511
605,6,6,0.9989683628082275
7914,7,7,0.99781334400177
9432,1,1,0.9988253712654114
4153,0,0,0.9990597367286682
4849,5,5,0.8940344452857971
6982,1,1,0.9930943250656128
9014,7,7,0.9982835054397583
6918,4,4,0.9822158813476562
2115,5,5,0.9992069602012634
1912,0,0,0.9982033967971802
6855,4,4,0.9990352392196655
6682,4,4,0.9987855553627014
1174,1,1,0.9990326166152954
1022,0,0,0.9988580942153931
9031,0,0,0.9991852641105652
9057,8,8,0.9988215565681458
4540,9,9,0.997336208820343
6091,0,0,0.9985289573669434
2784,1,1,0.9984381794929504
1246,7,7,0.9991621971130371
5225,0,0,0.9983322024345398
6014,5,5,0.9925912618637085
8067,8,8,0.99782395362854
7037,7,7,0.9987633228302002
8806,3,3,0.9984009861946106
4716,9,9,0.9978452920913696
8913,8,8,0.9938306212425232
3987,1,1,0.9990308284759521
6277,2,2,0.998979389667511
8962,5,5,0.995728075504303
6886,1,1,0.9985236525535583
4548,0,0,0.9985615611076355
2132,2,2,0.9961798191070557
8095,2,2,0.9988278746604919
2612,3,3,0.9872779846191406
696,8,8,0.9988001585006714
5959,4,4,0.9965638518333435
114,1,1,0.9851217269897461
9058,5,5,0.9951670169830322
8473,2,2,0.9930559992790222
1677,1,1,0.9984785914421082
6221,0,0,0.9989097118377686
9585,4,4,0.9991791844367981
1852,2,2,0.9982441663742065
4627,4,4,0.9988883137702942
2728,2,2,0.9980564117431641
7608,5,5,0.9986659288406372
4030,1,1,0.9987527132034302
6,1,1,0.9986388087272644
8233,4,4,0.9985853433609009
4316,8,8,0.9993554949760437
9765,4,4,0.9971480965614319
5518,3,3,0.9984135627746582
753,1,1,0.981270432472229
106,3,3,0.9963991641998291
748,2,2,0.9992371797561646
6939,2,2,0.9991196990013123
4048,5,5,0.9985400438308716
6970,0,0,0.8757970929145813
401,8,8,0.9540976881980896
8297,1,1,0.9952383041381836
6859,3,5,0.6924899816513062
210,7,7,0.9333853721618652
5791,8,8,0.9920245409011841
8114,3,3,0.9916236996650696
9171,2,2,0.9980224370956421
6454,4,4,0.9984997510910034
5078,8,8,0.9992185831069946
6489,8,8,0.9986026883125305
4342,3,3,0.9988634586334229
2654,5,5,0.9994055032730103
906,1,1,0.9982889294624329
4920,7,7,0.9992716908454895
8413,9,9,0.7824128270149231
9380,5,3,0.8424838781356812
6025,6,6,0.9876779913902283
5661,4,4,0.9971786737442017
9327,2,2,0.9934711456298828
4604,4,4,0.9977983832359314
826,7,7,0.9981505274772644
8846,6,6,0.9988273978233337
4670,8,8,0.9805771708488464
2932,9,9,0.9982385635375977
7381,4,4,0.9981155395507812
1352,2,2,0.9977325201034546
245,3,3,0.9982197880744934
4798,4,4,0.9898110628128052
9263,6,6,0.9987741112709045
8977,0,0,0.9952250719070435
7651,4,4,0.9929585456848145
3543,6,6,0.9988946318626404
3994,8,8,0.9993160963058472
2149,6,6,0.9990450739860535
779,5,5,0.9970040917396545
8572,0,0,0.9993719458580017
3540,6,6,0.9985452890396118
8999,3,3,0.9991000890731812
4917,5,5,0.995808482170105
1313,1,1,0.9988414645195007
2777,5,5,0.9981001019477844
8138,1,1,0.9931454658508301
9345,1,1,0.9978849291801453
285,9,9,0.9983237385749817
4211,4,4,0.9978824257850647
822,0,0,0.997397780418396
6060,3,3,0.9964714050292969
9512,0,0,0.9984742999076843
2686,7,7,0.9988455772399902
388,2,2,0.5793535113334656
9971,9,9,0.9980547428131104
6555,1,1,0.9988162517547607
8818,3,3,0.9981402158737183
999,8,8,0.9992189407348633
3051,8,8,0.9956225752830505
6063,6,6,0.5854302644729614
8707,2,2,0.9992125034332275
1082,9,9,0.9908150434494019
9596,5,5,0.9860100746154785
3631,0,0,0.9675583243370056
3922,2,2,0.9968336224555969
4780,0,0,0.9991946816444397
4579,6,6,0.9989284873008728
4580,6,6,0.9982031583786011
6568,2,2,0.9981338381767273
2267,6,6,0.9636372923851013
290,1,1,0.9986616373062134
6757,4,4,0.9983715415000916
8680,3,3,0.999382495880127
7650,2,2,0.9942342638969421
4586,0,0,0.7955896854400635
5039,6,6,0.9988664388656616
3587,0,0,0.997918426990509
9199,9,9,0.995387852191925
1839,7,7,0.998429000377655
1916,9,9,0.9960436820983887
551,5,5,0.49974578619003296
2492,8,8,0.9985888600349426
8059,3,3,0.9982215762138367
1284,8,8,0.6584498882293701
9480,2,2,0.9867689609527588
3532,5,5,0.9982962012290955
1281,8,8,0.9987108707427979
2831,3,3,0.9930123686790466
7900,0,0,0.9972348809242249
1630,9,9,0.9989761114120483
585,9,9,0.9977574944496155
8688,8,8,0.9968408346176147
8484,3,6,0.9771251678466797
9598,9,9,0.9923377633094788
4465,6,6,0.9990211725234985
9854,9,9,0.9936093091964722
6069,0,0,0.999150276184082
6882,9,9,0.9943377375602722
4726,0,0,0.9973914623260498
9151,0,0,0.9991544485092163
90,0,0,0.9986905455589294
3837,9,9,0.9987799525260925
7233,5,5,0.9976783394813538
7987,0,0,0.9991466999053955
9228,3,3,0.9980992674827576
7352,3,3,0.9978019595146179
5364,7,7,0.9968070983886719
7707,8,8,0.9984306693077087
4886,3,3,0.9983892440795898
8924,2,2,0.9983047246932983
708,8,8,0.9931814074516296
4235,9,9,0.9988131523132324
2907,9,9,0.9984921216964722
1084,5,5,0.9979701638221741
8672,7,7,0.9946072697639465
7088,8,8,0.9993143081665039
9539,0,0,0.9985966086387634
4840,0,0,0.9989915490150452
1500,1,1,0.9991907477378845
8522,1,1,0.9990614056587219
7911,2,2,0.9986947178840637
1751,1,1,0.9981766939163208
4752,1,1,0.9986530542373657
8695,4,4,0.9989627599716187
7766,4,4,0.9985007047653198
1414,1,1,0.998997151851654
1560,7,7,0.9960647225379944
2118,8,8,0.9990949630737305
1006,1,1,0.998011589050293
8363,2,2,0.9434540867805481
6499,7,7,0.994767427444458
1730,4,4,0.9906954765319824
9413,0,0,0.998927891254425
9398,8,8,0.9672734141349792
8684,2,2,0.9979766011238098
3481,7,7,0.9973785877227783
131,1,1,0.9990091323852539
2500,4,4,0.9984040856361389
5003,4,4,0.9991905093193054
135,2,2,0.9990710020065308
8503,1,1,0.99718177318573
1988,5,5,0.9989712238311768
1249,4,4,0.9964774250984192
9875,9,9,0.9991118311882019
6784,9,9,0.998764157295227
9192,2,2,0.9988213181495667
6535,5,5,0.9694240093231201
1968,8,8,0.9991589784622192
9967,3,3,0.9977201819419861
2272,7,7,0.9993680119514465
3570,3,3,0.9681941270828247
3939,9,9,0.9980512857437134
2415,6,6,0.9979948997497559
296,6,6,0.9987480640411377
9143,9,9,0.9970965385437012
3190,3,3,0.9979395270347595
8579,1,1,0.9951077699661255
7583,1,1,0.9970777034759521
7017,1,1,0.9986124038696289
5704,4,4,0.9988136291503906
8844,5,5,0.9971032738685608
5669,0,0,0.9965789914131165
7552,4,4,0.8488988876342773
9109,3,3,0.9989394545555115
119,7,7,0.9731566309928894
640,5,5,0.9946730732917786
5314,7,7,0.9977005124092102
6676,0,0,0.9983317255973816
7090,2,3,0.9300768971443176
2438,1,1,0.999041736125946
7242,7,7,0.7781217098236084
1164,8,8,0.9796468019485474
6375,3,3,0.9684661626815796
172,9,9,0.9991362690925598
9846,8,8,0.9988284707069397
1016,1,1,0.9950258135795593
2102,0,0,0.997626006603241
9886,4,4,0.9986253976821899
4050,3,3,0.9975288510322571
3272,7,7,0.9975167512893677
8256,8,8,0.9993746876716614
8280,4,4,0.9841761589050293
5816,5,5,0.9793267250061035
7066,6,6,0.9987691044807434
7392,8,8,0.9990045428276062
7012,7,7,0.9983636736869812
8010,2,2,0.9987514019012451
9091,7,7,0.9973952770233154
6758,8,8,0.9962550401687622
70,2,2,0.9924455285072327
8834,8,8,0.9990931749343872
664,3,3,0.9956936836242676
7619,5,5,0.9975842237472534
156,2,2,0.997333288192749
879,7,7,0.9989036321640015
2183,4,4,0.998884379863739
7572,1,1,0.9978997707366943
9836,2,2,0.9992069602012634
3255,5,5,0.997359573841095
7280,1,1,0.9975233674049377
2494,5,4,0.9478262066841125
2113,0,0,0.9986441731452942
7246,0,0,0.9972012042999268
279,3,3,0.9965217113494873
2931,9,9,0.9979488253593445
7265,5,5,0.9971311092376709
109,7,7,0.9981508851051331
530,9,9,0.9985696077346802
5758,8,8,0.9994916915893555
6420,7,7,0.9991424083709717
6012,4,4,0.9989921450614929
7015,3,3,0.9986754059791565
2190,9,9,0.9964548349380493
5240,1,1,0.9981580376625061
7826,9,9,0.9958013892173767
8061,0,0,0.9991470575332642
1038,2,2,0.9989678859710693
9782,2,2,0.9977878332138062
408,8,8,0.998539924621582
6857,2,2,0.9958587288856506
7748,0,0,0.9989368319511414
3332,7,7,0.9986438155174255
198,7,7,0.9989860653877258
2546,8,8,0.9992890357971191
7045,3,3,0.9986728429794312
1356,2,2,0.9979173541069031
5803,1,1,0.9976982474327087
4099,4,4,0.9983752965927124
2740,1,1,0.9986067414283752
3973,9,9,0.9977598190307617
5645,5,5,0.6154669523239136
3727,9,9,0.9970859885215759
5690,7,4,0.44926688075065613
9172,0,0,0.9988536834716797
1329,5,5,0.9838128089904785
7389,6,6,0.9988445043563843
8023,3,3,0.9991163611412048
2004,7,7,0.9989500641822815
2188,9,9,0.9982314705848694
3923,3,3,0.9951539039611816
6096,2,2,0.6417118906974792
8106,8,8,0.998432457447052
3402,4,4,0.9987976551055908
2929,1,1,0.9984806180000305
6229,6,6,0.9939781427383423
7003,7,7,0.9976897239685059
4362,4,4,0.9992896318435669
2993,0,0,0.9988447427749634
480,8,8,0.9965380430221558
9397,2,2,0.9841654300689697
934,7,7,0.9987825751304626
8204,3,3,0.9989784955978394
4718,3,3,0.6643308401107788
8050,7,7,0.9974945783615112
6826,6,6,0.9988313317298889
9317,6,6,0.9990684390068054
2571,9,9,0.7349395751953125
5295,0,0,0.9991288781166077
5135,1,1,0.9990144968032837
2446,9,9,0.9980301260948181
3648,7,7,0.9962989687919617
4597,9,1,0.6316236853599548
4137,4,4,0.9900556802749634
4169,3,3,0.995587944984436
5111,6,6,0.9986225366592407
4683,4,4,0.999014139175415
1087,6,6,0.9990070462226868
7588,2,2,0.9904326796531677
8264,2,2,0.9984279870986938
298,0,0,0.9990954399108887
9218,3,3,0.722631573677063
4932,9,9,0.9951245188713074
8737,7,7,0.8830355405807495
2584,6,6,0.9991440773010254
8398,4,4,0.9936739206314087
5158,4,4,0.9363413453102112
176,3,3,0.9991029500961304
2890,5,5,0.9953997731208801
840,7,7,0.9986011385917664
9559,1,1,0.9979357719421387
2202,9,9,0.9963351488113403
4650,6,6,0.9988518953323364
5149,6,6,0.9992792010307312
7801,4,4,0.9962167143821716
3033,1,1,0.9988969564437866
4471,5,5,0.9106106162071228
8490,3,3,0.9744032025337219
7876,1,1,0.9990130662918091
7629,6,6,0.9986886382102966
9563,1,1,0.9497260451316833
4411,5,5,0.9939391613006592
7860,8,8,0.9914275407791138
